;Unnamed: 0;Ja;En;Kunyomi;Onyomi;Frequency Rank;Cumulative Freq. Pct.;Frequency Pct.;JLPT Level;WK Level;Item Type;Tags
1625;1625;龍;dragon,imperial;たつ;りゅう;1476;99.89718327;0.00112985;;-1;K;p4
1626;1626;云;say;いう;うん;1627;99.89774820000001;0.00056493;N5;5;K;p4
1627;1627;些;a little bit,sometimes;ちと;さ;1627;99.89831313;0.00056493;N5;3;K;p4
1628;1628;仔;offspring (animal),detailed,fine;こ;し;1627;99.89887805;0.00056493;;-1;K;p4
1629;1629;仙;hermit,wizard,cent;;せん;1627;99.89944298;0.00056493;;-1;K;p4
1630;1630;但;however,but;ただし;たん;1627;99.90000791;0.00056493;N3;49;K;p4
1631;1631;佳;excellent,beautiful,good,pleasing,skilled;;か;1627;99.90057284;0.00056493;N5;11;K;p4
1632;1632;促;stimulate,urge,press,demand,incite;うながす;そく;1627;99.90113776;0.00056493;N1;29;K;p4
1633;1633;俳;haiku,actor;;はい;1627;99.90170269;0.00056493;N3;23;K;p4
1634;1634;傾;lean,incline,tilt,trend,wane,sink,ruin,bias;かたむく;けい;1627;99.90226762;0.00056493;N2;48;K;p4
1635;1635;僚;colleague,official,companion;;りょう;1627;99.90283254;0.00056493;;-1;K;p4
1636;1636;党;party,faction,clique;なかま;とう;1627;99.90339747;0.00056493;;-1;K;p4
1637;1637;兼;concurrently,and,beforehand,in advance;かねる;けん;1627;99.90396240000001;0.00056493;N2;40;K;p4
1638;1638;冒;risk,face,defy,dare,damage,assume (a name);おかす;ぼう;1627;99.90452733;0.00056493;N3;16;K;p4
1639;1639;凹;concave,hollow,sunken;くぼむ;おう;1627;99.90509225;0.00056493;N2;59;K;p4
1640;1640;函;box (archaic);はこ;かん;1627;99.90565718;0.00056493;N5;16;K;p4
1641;1641;刊;publish,carve,engrave;;かん;1627;99.90622211;0.00056493;N1;38;K;p4
1642;1642;剃;shave;まい;てい;1627;99.90678703;0.00056493;;-1;K;p4
1643;1643;剤;dose,medicine,drug;かる;ざい;1627;99.90735196;0.00056493;;-1;K;p4
1644;1644;匿;hide,shelter,shield;かくまう;とく;1627;99.90791689;0.00056493;N3;25;K;p4
1645;1645;博;Dr.,command,esteem,win acclaim,Ph.D.,exposition,fair;;はく;1627;99.90848181;0.00056493;N3;28;K;p4
1646;1646;哲;philosophy,clear;さとい;てつ;1627;99.90904674;0.00056493;N3;42;K;p4
1647;1647;唯;solely,only,merely,simply;ただ;ゆい;1627;99.90961167;0.00056493;N3;49;K;p4
1648;1648;啓;disclose,open,say;ひらく;けい;1627;99.9101766;0.00056493;;-1;K;p4
1649;1649;噴;erupt,spout,emit,flush out;ふく;ふん;1627;99.91074152;0.00056493;N2;52;K;p4
